Entity,Code,Year,Mathematics,Science,Reading
Albania,ALB,2000,,,348.84952
Albania,ALB,2009,377.46106,390.69574,384.8166
Albania,ALB,2012,394.32935,397.3732,393.96426
Albania,ALB,2015,413.157,427.22498,405.25876
Albania,ALB,2018,437.222,416.72626,405.42935
Albania,ALB,2022,368.2217,375.96774,358.43475
Algeria,DZA,2015,359.60623,375.74512,349.85925
Argentina,ARG,2000,,,418.2507
Argentina,ARG,2006,381.2539,391.2439,373.7238
Argentina,ARG,2009,388.0681,400.83853,398.2609
Argentina,ARG,2012,388.4317,405.63202,395.97913
Argentina,ARG,2015,409.03333,432.22626,425.30313
Argentina,ARG,2018,379.45383,404.07144,401.5031
Argentina,ARG,2022,377.52902,406.19135,400.74405
Australia,AUS,2000,,,528.2785
Australia,AUS,2003,524.266,,525.427
Australia,AUS,2006,519.9078,526.8796,512.8933
Australia,AUS,2009,514.34045,527.2705,514.90063
Australia,AUS,2012,504.15076,521.49475,511.804
Australia,AUS,2015,493.89624,509.99387,502.90057
Australia,AUS,2018,491.36002,502.96457,502.6317
Australia,AUS,2022,487.08426,507.00085,498.05093
Austria,AUT,2000,,,492.056
Austria,AUT,2003,505.611,,490.69324
Austria,AUT,2006,505.4836,510.83716,490.19397
Austria,AUT,2009,495.90866,494.32767,470.28363
Austria,AUT,2012,505.54074,505.78125,489.60934
Austria,AUT,2015,496.74228,495.03748,484.8656
Austria,AUT,2018,498.94232,489.78043,484.39258
Austria,AUT,2022,487.2675,491.27097,480.40585
Belarus,BLR,2018,471.86514,471.26367,473.78845
Belgium,BEL,2000,,,507.1259
Belgium,BEL,2003,529.28644,,506.98734
Belgium,BEL,2006,520.349,510.3635,500.9006
Belgium,BEL,2009,515.2723,506.57553,505.9458
Belgium,BEL,2012,514.52924,504.86765,508.6179
Belgium,BEL,2015,506.98438,501.99973,498.5242
Belgium,BEL,2018,508.0703,498.77313,492.86444
Belgium,BEL,2022,489.48682,490.57834,478.85266
Bosnia and Herzegovina,BIH,2018,406.3844,398.49765,402.9778
Brazil,BRA,2000,,,396.02908
Brazil,BRA,2003,356.01578,,402.7963
Brazil,BRA,2006,369.51505,390.33157,392.8851
Brazil,BRA,2009,385.81412,405.404,411.7549
Brazil,BRA,2012,388.50897,401.6197,406.53317
Brazil,BRA,2015,377.06952,400.6821,407.3486
Brazil,BRA,2018,383.56912,403.62094,412.87332
Brazil,BRA,2022,378.69138,403.00122,410.357
Brunei,BRN,2018,430.11298,430.98438,408.06995
Brunei,BRN,2022,442.0931,445.8551,429.2319
Bulgaria,BGR,2000,,,430.40344
Bulgaria,BGR,2006,413.44916,434.07977,401.93497
Bulgaria,BGR,2009,428.06613,439.29416,429.0811
Bulgaria,BGR,2012,438.73825,446.46872,436.12573
Bulgaria,BGR,2015,441.1899,445.77197,431.71753
Bulgaria,BGR,2018,436.04056,424.07358,419.844
Bulgaria,BGR,2022,417.3039,420.99323,404.30374
Cambodia,KHM,2022,336.39603,347.10416,328.84277
Canada,CAN,2000,,,534.31274
Canada,CAN,2003,532.48676,,527.91364
Canada,CAN,2006,527.0072,534.4698,527.0113
Canada,CAN,2009,526.8052,528.70496,524.2418
Canada,CAN,2012,518.0704,525.4413,523.124
Canada,CAN,2015,515.6474,527.7047,526.6678
Canada,CAN,2018,512.01697,517.9977,520.0855
Canada,CAN,2022,496.9479,515.01666,507.1329
Chile,CHL,2000,,,409.5568
Chile,CHL,2006,411.35034,438.17746,442.09134
Chile,CHL,2009,421.0605,447.46735,449.3696
Chile,CHL,2012,422.63235,444.93393,441.39816
Chile,CHL,2015,422.67136,446.95605,458.57086
Chile,CHL,2018,417.40656,443.58255,452.27255
Chile,CHL,2022,411.69656,443.5434,447.97894
Colombia,COL,2006,369.97852,388.03827,385.30804
Colombia,COL,2009,380.8482,401.75012,413.1815
Colombia,COL,2012,376.4886,398.67862,403.40253
Colombia,COL,2015,389.64383,415.72876,424.90518
Colombia,COL,2018,390.93228,413.323,412.29507
Colombia,COL,2022,382.69684,411.12067,408.66504
Costa Rica,CRI,2012,406.99988,429.35098,440.54782
Costa Rica,CRI,2015,400.2534,419.60803,427.48755
Costa Rica,CRI,2018,402.33057,415.62247,426.49823
Costa Rica,CRI,2022,384.57605,410.98663,415.2331
Croatia,HRV,2006,467.2467,493.2044,477.36423
Croatia,HRV,2009,459.9389,486.36343,475.7489
Croatia,HRV,2012,471.13147,491.3566,484.56503
Croatia,HRV,2015,464.0401,475.39117,486.8632
Croatia,HRV,2018,464.20428,472.3626,478.98917
Croatia,HRV,2022,463.1052,482.66745,475.49893
Cyprus,CYP,2012,439.69638,437.67645,448.95297
Cyprus,CYP,2015,437.1285,432.57675,442.83142
Cyprus,CYP,2018,450.68298,439.00824,424.35825
Cyprus,CYP,2022,418.30667,410.90253,381.0757
Czechia,CZE,2000,,,491.57703
Czechia,CZE,2003,516.455,,488.5423
Czechia,CZE,2006,509.85934,512.8607,482.71515
Czechia,CZE,2009,492.8141,500.49707,478.1867
Czechia,CZE,2012,498.9579,508.29907,492.88974
Czechia,CZE,2015,492.32544,492.83005,487.25015
Czechia,CZE,2018,499.46765,496.79132,490.2188
Czechia,CZE,2022,486.9992,497.74203,488.60367
Denmark,DNK,2000,,,496.87097
Denmark,DNK,2003,514.28766,,492.3234
Denmark,DNK,2006,513.02594,495.89432,494.48297
Denmark,DNK,2009,503.27814,499.33698,494.91617
Denmark,DNK,2012,500.02676,498.4742,496.1309
Denmark,DNK,2015,511.08765,501.9369,499.81458
Denmark,DNK,2018,509.39838,492.63702,501.12994
Denmark,DNK,2022,489.27386,493.8157,488.801
Dominican Republic,DOM,2015,327.70203,331.63882,357.7377
Dominican Republic,DOM,2018,325.10056,335.62994,341.6256
Dominican Republic,DOM,2022,339.10724,360.42606,351.3123
El Salvador,SLV,2022,343.46912,373.14133,364.90366
Estonia,EST,2006,514.57544,531.3918,500.74976
Estonia,EST,2009,512.1042,527.8317,500.96185
Estonia,EST,2012,520.54553,541.4048,516.2942
Estonia,EST,2015,519.5291,534.1937,519.1429
Estonia,EST,2018,523.41455,530.10803,523.017
Estonia,EST,2022,509.94696,525.81177,511.03033
Finland,FIN,2000,,,546.4691
Finland,FIN,2003,544.2892,,543.4625
Finland,FIN,2006,548.3584,563.3228,546.8683
Finland,FIN,2009,540.50433,554.0795,535.878
Finland,FIN,2012,518.7503,545.44196,524.02167
Finland,FIN,2015,511.07684,530.66113,526.42474
Finland,FIN,2018,507.30136,521.8846,520.07874
Finland,FIN,2022,484.13922,510.95886,490.21768
France,FRA,2000,,,504.7424
France,FRA,2003,510.79947,,496.18878
France,FRA,2006,495.53833,495.21985,487.70624
France,FRA,2009,496.78232,498.2269,495.61655
France,FRA,2012,494.98468,498.9709,505.48148
France,FRA,2015,492.9204,494.9776,499.30615
France,FRA,2018,495.4076,492.97708,492.60648
France,FRA,2022,473.94443,487.22528,473.85217
Georgia,GEO,2015,403.83322,411.13153,401.28815
Georgia,GEO,2018,397.58636,382.6636,379.75253
Georgia,GEO,2022,390.02423,384.06744,373.85834
Germany,DEU,2000,,,483.9908
Germany,DEU,2003,502.98553,,491.358
Germany,DEU,2006,503.79086,515.6491,494.94443
Germany,DEU,2009,512.77765,520.40533,497.30505
Germany,DEU,2012,513.5251,524.1208,507.67654
Germany,DEU,2015,505.97128,509.14066,509.10413
Germany,DEU,2018,500.0438,502.9889,498.27927
Germany,DEU,2022,474.82645,492.42673,479.79404
Greece,GRC,2000,,,473.79886
Greece,GRC,2003,444.91187,,472.26688
Greece,GRC,2006,459.202,473.37796,459.71118
Greece,GRC,2009,466.09637,470.11575,482.77625
Greece,GRC,2012,452.97342,466.72202,477.19717
Greece,GRC,2015,453.62985,454.82883,467.03955
Greece,GRC,2018,451.37033,451.63275,457.4144
Greece,GRC,2022,430.14633,440.78607,438.4406
Guatemala,GTM,2022,344.1995,372.96277,374.12186
Hong Kong,HKG,2000,,,525.45593
Hong Kong,HKG,2003,550.38324,,509.53516
Hong Kong,HKG,2006,547.4607,542.21136,536.06555
Hong Kong,HKG,2009,554.5275,549.0287,533.15125
Hong Kong,HKG,2012,561.2411,554.93744,544.6001
Hong Kong,HKG,2015,547.931,523.27747,526.67535
Hong Kong,HKG,2018,551.1543,516.68616,524.28314
Hong Kong,HKG,2022,540.3518,520.4187,499.70135
Hungary,HUN,2000,,,479.96677
Hungary,HUN,2003,490.0124,,481.8697
Hungary,HUN,2006,490.93738,503.93173,482.3745
Hungary,HUN,2009,490.17,502.64276,494.17874
Hungary,HUN,2012,477.04446,494.30234,488.46133
Hungary,HUN,2015,476.83087,476.7475,469.52325
Hungary,HUN,2018,481.08264,480.91168,475.98666
Hungary,HUN,2022,472.77612,485.89017,472.97473
Iceland,ISL,2000,,,506.93045
Iceland,ISL,2003,515.10864,,491.74695
Iceland,ISL,2006,505.54483,490.79376,484.44528
Iceland,ISL,2009,506.66916,495.5985,500.28333
Iceland,ISL,2012,492.7957,478.1546,482.52243
Iceland,ISL,2015,488.03317,473.23007,481.52554
Iceland,ISL,2018,495.18738,475.0241,473.9743
Iceland,ISL,2022,458.914,446.9671,435.923
Indonesia,IDN,2000,,,370.61465
Indonesia,IDN,2003,360.15884,,381.59036
Indonesia,IDN,2006,391.0068,393.48102,392.93283
Indonesia,IDN,2009,371.30093,382.56946,401.7052
Indonesia,IDN,2012,375.11444,381.9115,396.1201
Indonesia,IDN,2015,386.1096,403.09973,397.2595
Indonesia,IDN,2018,378.66812,396.07007,370.9654
Indonesia,IDN,2022,365.52527,382.8634,358.56985
Ireland,IRL,2000,,,526.66864
Ireland,IRL,2003,502.8373,,515.4801
Ireland,IRL,2006,501.47177,508.32892,517.31323
Ireland,IRL,2009,487.13638,507.98416,495.6391
Ireland,IRL,2012,501.49747,522.00397,523.1732
Ireland,IRL,2015,503.722,502.5751,520.8148
Ireland,IRL,2018,499.6329,496.11356,518.0784
Ireland,IRL,2022,491.6483,503.84555,516.00995
Israel,ISR,2000,,,452.1724
Israel,ISR,2006,441.85873,453.90372,438.67227
Israel,ISR,2009,446.86377,454.85095,473.98996
Israel,ISR,2012,466.48145,470.07266,485.80322
Israel,ISR,2015,469.66946,466.55283,478.96063
Israel,ISR,2018,463.03455,462.19662,470.4152
Israel,ISR,2022,457.89667,464.75183,473.8327
Italy,ITA,2000,,,487.46964
Italy,ITA,2003,465.6642,,475.6616
Italy,ITA,2006,461.68872,475.39722,468.5231
Italy,ITA,2009,482.90848,488.83136,486.0511
Italy,ITA,2012,485.32117,493.54147,489.7544
Italy,ITA,2015,489.72873,480.54675,484.758
Italy,ITA,2018,486.58984,468.01172,476.28467
Italy,ITA,2022,471.25946,477.46338,481.59827
Jamaica,JAM,2022,377.41693,402.93396,409.63278
Japan,JPN,2000,,,522.2349
Japan,JPN,2003,534.1365,,498.1052
Japan,JPN,2006,523.10254,531.3885,497.95706
Japan,JPN,2009,528.9931,539.43097,519.8577
Japan,JPN,2012,536.4069,546.7356,538.0515
Japan,JPN,2015,532.4399,538.3948,515.9585
Japan,JPN,2018,526.97327,529.13544,503.85605
Japan,JPN,2022,535.5793,546.63446,515.8546
Jordan,JOR,2006,384.03604,421.97183,400.58124
Jordan,JOR,2009,386.66382,415.3878,405.0093
Jordan,JOR,2012,385.59555,409.36722,399.03476
Jordan,JOR,2015,380.259,408.66913,408.1022
Jordan,JOR,2018,399.7619,429.25208,419.06366
Jordan,JOR,2022,361.22803,374.5271,342.16583
Kazakhstan,KAZ,2009,404.8847,400.37613,390.41006
Kazakhstan,KAZ,2012,431.7984,424.70752,392.73624
Kazakhstan,KAZ,2015,459.816,456.48358,427.14102
Kazakhstan,KAZ,2018,423.14612,397.10483,386.90927
Kazakhstan,KAZ,2022,425.43912,423.16605,386.28476
Kosovo,OWID_KOS,2015,361.53397,378.4422,347.12592
Kosovo,OWID_KOS,2018,365.88495,364.88242,353.06543
Kosovo,OWID_KOS,2022,354.96243,357.02405,342.19443
Latvia,LVA,2000,,,458.07108
Latvia,LVA,2003,483.37494,,490.56253
Latvia,LVA,2006,486.16608,489.5438,479.49182
Latvia,LVA,2009,481.95383,493.87894,483.96014
Latvia,LVA,2012,490.571,502.1862,488.69443
Latvia,LVA,2015,482.30508,490.225,487.7581
Latvia,LVA,2018,496.12634,487.25058,478.69867
Latvia,LVA,2022,483.15945,493.84277,474.56866
Lebanon,LBN,2015,396.24966,386.48538,346.54898
Lebanon,LBN,2018,393.45004,383.71698,353.35532
Lithuania,LTU,2006,486.42133,487.9567,470.07077
Lithuania,LTU,2009,476.6023,491.4098,468.44275
Lithuania,LTU,2012,478.82327,495.70007,477.3066
Lithuania,LTU,2015,478.3834,475.40894,472.40656
Lithuania,LTU,2018,481.1912,482.06702,475.87347
Lithuania,LTU,2022,475.14676,484.4634,471.83423
Luxembourg,LUX,2000,,,441.24582
Luxembourg,LUX,2003,493.20856,,479.42258
Luxembourg,LUX,2006,490.00183,486.32437,479.36655
Luxembourg,LUX,2009,489.06726,483.9284,472.1734
Luxembourg,LUX,2012,489.8451,491.21518,487.80704
Luxembourg,LUX,2015,485.77063,482.8064,481.4391
Luxembourg,LUX,2018,483.42148,476.7694,469.98538
Macao,MAC,2003,527.27026,,497.64008
Macao,MAC,2006,525.0025,510.83972,492.2878
Macao,MAC,2009,525.283,511.0696,486.63535
Macao,MAC,2012,538.1345,520.57086,508.94925
Macao,MAC,2015,543.8078,528.5496,508.69052
Macao,MAC,2018,557.6702,543.58575,525.11615
Macao,MAC,2022,551.92316,543.09625,510.40512
Malaysia,MYS,2012,420.51297,419.50266,398.19604
Malaysia,MYS,2015,446.10977,442.9475,430.5782
Malaysia,MYS,2018,440.20755,437.61807,414.97952
Malaysia,MYS,2022,408.68744,416.30612,388.0878
Malta,MLT,2015,478.6448,464.78195,446.66614
Malta,MLT,2018,471.72443,456.59033,448.23477
Malta,MLT,2022,466.0161,465.58875,445.29883
Mexico,MEX,2000,,,421.96063
Mexico,MEX,2003,385.21835,,399.72192
Mexico,MEX,2006,405.65463,409.65195,410.49646
Mexico,MEX,2009,418.5091,415.90866,425.2653
Mexico,MEX,2012,413.28146,414.92014,423.55377
Mexico,MEX,2015,408.02347,415.70987,423.2765
Mexico,MEX,2018,408.80148,419.2047,420.4689
Mexico,MEX,2022,395.0299,409.8866,415.35895
Moldova,MDA,2015,419.6635,427.9978,416.22925
Moldova,MDA,2018,420.604,428.48526,423.99295
Moldova,MDA,2022,414.19806,416.85898,410.9354
Mongolia,MNG,2022,424.59314,412.38254,378.41986
Montenegro,MNE,2006,399.30768,411.78842,391.97543
Montenegro,MNE,2009,402.51535,401.27747,407.54776
Montenegro,MNE,2012,409.62662,410.0976,422.11136
Montenegro,MNE,2015,417.9341,411.31366,426.8845
Montenegro,MNE,2018,429.61154,415.17224,421.0576
Montenegro,MNE,2022,405.60117,403.13025,405.02045
Morocco,MAR,2018,367.72736,376.5969,359.38788
Morocco,MAR,2022,364.76624,365.39807,339.36493
Netherlands,NLD,2003,537.8233,,513.11896
Netherlands,NLD,2006,530.65405,524.8615,506.74698
Netherlands,NLD,2009,525.8357,522.21814,508.40372
Netherlands,NLD,2012,522.97174,522.05585,511.22998
Netherlands,NLD,2015,512.2528,508.5748,502.95905
Netherlands,NLD,2018,519.23096,503.38382,484.78372
Netherlands,NLD,2022,492.67563,488.31683,459.24292
New Zealand,NZL,2000,,,528.79974
New Zealand,NZL,2003,523.4866,,521.5515
New Zealand,NZL,2006,521.98883,530.38434,521.03265
New Zealand,NZL,2009,519.30084,532.0069,520.88
New Zealand,NZL,2012,499.7499,515.6363,512.18677
New Zealand,NZL,2015,495.22327,513.3035,509.27072
New Zealand,NZL,2018,494.4897,508.49072,505.7273
New Zealand,NZL,2022,479.0742,504.1293,500.853
North Macedonia,MKD,2000,,,372.50912
North Macedonia,MKD,2015,371.31143,383.68237,351.74155
North Macedonia,MKD,2018,394.44684,413.04468,392.66776
North Macedonia,MKD,2022,388.5755,379.8751,358.52213
Norway,NOR,2000,,,505.28098
Norway,NOR,2003,495.1854,,499.74023
Norway,NOR,2006,489.84634,486.52795,484.29257
Norway,NOR,2009,497.9557,499.8757,503.23
Norway,NOR,2012,489.37308,494.52393,503.93668
Norway,NOR,2015,501.72983,498.4811,513.19116
Norway,NOR,2018,500.96378,490.41315,499.45096
Norway,NOR,2022,468.44995,478.22647,476.52386
OECD average,,2000,,,493.491
OECD average,,2003,499.46353,,494.08597
OECD average,,2006,490.40762,494.80493,485.3536
OECD average,,2009,491.71857,497.72256,490.34378
OECD average,,2012,488.16415,496.44052,491.8212
OECD average,,2015,484.8794,488.75806,488.5266
OECD average,,2018,486.99832,486.74026,485.4874
OECD average,,2022,472.35812,484.6466,475.58887
PISA participants average,,2000,,,471.0806
PISA participants average,,2003,485.73117,,481.51566
PISA participants average,,2006,471.51886,477.57037,465.12158
PISA participants average,,2009,469.69412,475.49652,468.6296
PISA participants average,,2012,470.4333,476.7302,472.15134
PISA participants average,,2015,460.72012,465.15982,459.917
PISA participants average,,2018,458.67166,457.91507,453.10187
PISA participants average,,2022,437.62857,446.89395,435.0379
Palestine,PSE,2022,365.74667,368.8151,349.15704
Panama,PAN,2018,352.84625,364.62378,376.9713
Panama,PAN,2022,356.57352,387.76764,391.95337
Paraguay,PRY,2022,337.53976,368.32782,373.15564
Peru,PER,2000,,,327.08484
Peru,PER,2009,365.10727,369.35178,369.69577
Peru,PER,2012,368.10254,373.11343,384.1512
Peru,PER,2015,386.56058,396.68365,397.54144
Peru,PER,2018,399.83768,404.2156,400.5137
Peru,PER,2022,391.23578,407.77777,408.24786
Philippines,PHL,2018,352.56708,356.93332,339.6916
Philippines,PHL,2022,354.71973,356.1673,346.5474
Poland,POL,2000,,,479.12167
Poland,POL,2003,490.23877,,496.60526
Poland,POL,2006,495.4285,497.8065,507.63953
Poland,POL,2009,494.80292,508.0683,500.4785
Poland,POL,2012,517.5011,525.81647,518.1869
Poland,POL,2015,504.46924,501.43533,505.69708
Poland,POL,2018,515.6479,511.03555,511.85568
Poland,POL,2022,488.96005,499.16437,488.71362
Portugal,PRT,2000,,,470.15463
Portugal,PRT,2003,466.0167,,477.56863
Portugal,PRT,2006,466.16098,474.30588,472.3043
Portugal,PRT,2009,486.8883,492.94998,489.33493
Portugal,PRT,2012,487.06317,489.27472,487.7577
Portugal,PRT,2015,491.62695,501.10007,498.1289
Portugal,PRT,2018,492.4874,491.67734,491.80078
Portugal,PRT,2022,471.91052,484.37347,476.58862
Qatar,QAT,2006,317.95566,349.31314,312.21347
Qatar,QAT,2009,368.1125,379.44696,371.71603
Qatar,QAT,2012,376.4484,383.64255,387.50412
Qatar,QAT,2015,402.40063,417.61115,401.88733
Qatar,QAT,2018,414.22873,419.12717,407.0918
Qatar,QAT,2022,414.10623,432.40253,419.30426
Romania,ROU,2000,,,427.93152
Romania,ROU,2006,414.79596,418.38638,395.93173
Romania,ROU,2009,427.07916,428.1789,424.45834
Romania,ROU,2012,444.55423,438.76807,437.5995
Romania,ROU,2015,443.9543,434.88486,433.6166
Romania,ROU,2018,429.91684,425.76123,427.70316
Romania,ROU,2022,427.76,427.5111,428.496
Russia,RUS,2000,,,461.76202
Russia,RUS,2003,468.40665,,442.19684
Russia,RUS,2006,475.67908,479.47043,439.85574
Russia,RUS,2009,467.8122,478.29752,459.39594
Russia,RUS,2012,482.1694,486.2955,475.14938
Russia,RUS,2015,494.06003,486.63104,494.62784
Russia,RUS,2018,487.78653,477.71768,478.50192
Saudi Arabia,SAU,2018,373.2388,386.24615,399.15167
Saudi Arabia,SAU,2022,388.78162,390.3876,382.55106
Serbia,SRB,2018,448.28305,439.8739,439.46634
Serbia,SRB,2022,439.87668,447.46066,440.35498
Singapore,SGP,2009,562.01874,541.6955,525.89655
Singapore,SGP,2012,573.4683,551.49316,542.2158
Singapore,SGP,2015,564.1897,555.5747,535.10016
Singapore,SGP,2018,569.00775,550.9369,549.4647
Singapore,SGP,2022,574.6638,561.4333,542.55334
Slovakia,SVK,2003,498.18344,,469.15903
Slovakia,SVK,2006,492.10623,488.4334,466.34976
Slovakia,SVK,2009,496.6834,490.26593,477.44336
Slovakia,SVK,2012,481.64474,471.19318,462.76703
Slovakia,SVK,2015,475.2301,460.77484,452.51434
Slovakia,SVK,2018,486.16486,464.04758,457.98398
Slovakia,SVK,2022,463.99463,462.26947,446.8606
Slovenia,SVN,2006,504.45596,518.8156,494.40903
Slovenia,SVN,2009,501.47238,511.75946,483.08203
Slovenia,SVN,2012,501.1274,514.1426,481.31628
Slovenia,SVN,2015,509.91965,512.8636,505.21588
Slovenia,SVN,2018,508.89755,507.00653,495.3456
Slovenia,SVN,2022,484.52902,499.96487,468.536
South Korea,KOR,2000,,,524.7543
South Korea,KOR,2003,542.22736,,534.09125
South Korea,KOR,2006,547.4585,522.14813,556.0219
South Korea,KOR,2009,546.2285,537.9862,539.26746
South Korea,KOR,2012,553.76666,537.7876,535.79047
South Korea,KOR,2015,524.1062,515.80994,517.4367
South Korea,KOR,2018,525.933,519.00726,514.0523
South Korea,KOR,2022,527.3025,527.82245,515.4154
Spain,ESP,2000,,,492.55298
Spain,ESP,2003,485.10806,,480.538
Spain,ESP,2006,479.95752,488.42453,460.8301
Spain,ESP,2009,483.49313,488.25464,481.04233
Spain,ESP,2012,484.3193,496.44583,487.93918
Spain,ESP,2015,485.84323,492.78613,495.57645
Spain,ESP,2018,481.3926,483.25204,
Spain,ESP,2022,473.1402,484.53366,474.3071
Sweden,SWE,2000,,,516.3312
Sweden,SWE,2003,509.04645,,514.2674
Sweden,SWE,2006,502.35638,503.334,507.31287
Sweden,SWE,2009,494.2382,495.1059,497.44943
Sweden,SWE,2012,478.26065,484.79898,483.335
Sweden,SWE,2015,493.91812,493.42236,500.1556
Sweden,SWE,2018,502.3877,499.4447,505.78522
Sweden,SWE,2022,481.76605,493.54932,486.97516
Switzerland,CHE,2000,,,494.3716
Switzerland,CHE,2003,526.55316,,499.1214
Switzerland,CHE,2006,529.6561,511.5239,499.27777
Switzerland,CHE,2009,533.96063,516.5675,500.5002
Switzerland,CHE,2012,530.931,515.29755,509.04025
Switzerland,CHE,2015,521.25055,505.50583,492.19824
Switzerland,CHE,2018,515.3147,495.27628,483.9294
Switzerland,CHE,2022,507.9906,502.52325,483.33173
Taiwan,TWN,2006,549.35724,532.4736,496.2354
Taiwan,TWN,2009,543.18243,520.4198,495.24048
Taiwan,TWN,2012,559.82477,523.3149,523.1189
Taiwan,TWN,2015,542.3215,532.3475,497.0991
Taiwan,TWN,2018,531.14355,515.74805,502.60114
Taiwan,TWN,2022,547.0942,537.3804,515.1673
Thailand,THA,2000,,,430.68387
Thailand,THA,2003,416.97797,,419.91483
Thailand,THA,2006,417.0726,421.01147,416.75177
Thailand,THA,2009,418.58392,425.2963,421.37442
Thailand,THA,2012,426.7375,443.99994,441.21994
Thailand,THA,2015,415.4638,421.3373,409.13013
Thailand,THA,2018,418.5555,425.81345,392.88864
Thailand,THA,2022,393.94534,409.2643,378.663
Trinidad and Tobago,TTO,2009,414.04495,410.19562,416.45233
Trinidad and Tobago,TTO,2015,417.2434,424.59045,427.27325
Tunisia,TUN,2003,358.73322,,374.6224
Tunisia,TUN,2006,365.47937,385.5067,380.33682
Tunisia,TUN,2009,371.4835,400.6615,403.63266
Tunisia,TUN,2012,387.82462,398.04645,404.07846
Tunisia,TUN,2015,366.818,386.40338,361.0555
Turkey,TUR,2003,423.4194,,440.97098
Turkey,TUR,2006,423.9412,423.83273,447.14114
Turkey,TUR,2009,445.45135,453.90973,464.19437
Turkey,TUR,2012,447.9844,463.4129,475.49146
Turkey,TUR,2015,420.45398,425.4895,428.33508
Turkey,TUR,2018,453.50778,468.29962,465.63165
Turkey,TUR,2022,453.15176,475.9378,456.08405
Ukraine,UKR,2018,453.1175,468.98773,465.95013
Ukraine,UKR,2022,440.8453,450.18723,427.52695
United Arab Emirates,ARE,2012,434.00717,448.3703,441.70374
United Arab Emirates,ARE,2015,427.48273,436.73114,433.5423
United Arab Emirates,ARE,2018,434.94727,433.6368,431.78177
United Arab Emirates,ARE,2022,431.11047,431.97946,417.34976
United Kingdom,GBR,2000,,,523.4433
United Kingdom,GBR,2003,508.2581,,507.01276
United Kingdom,GBR,2006,495.44415,514.77356,495.0835
United Kingdom,GBR,2009,492.4141,513.71027,494.182
United Kingdom,GBR,2012,493.93423,514.12933,499.32312
United Kingdom,GBR,2015,492.47852,509.2215,497.97192
United Kingdom,GBR,2018,501.7699,504.66748,503.9281
United Kingdom,GBR,2022,488.9751,499.67023,494.40463
United States,USA,2000,,,504.41968
United States,USA,2003,482.88278,,495.18585
United States,USA,2006,474.35217,488.90683,
United States,USA,2009,487.3965,502.00226,499.8268
United States,USA,2012,481.3668,497.40982,497.58173
United States,USA,2015,469.62848,496.24243,496.9351
United States,USA,2018,478.24472,502.38004,505.35278
United States,USA,2022,464.88803,499.41406,503.93756
Uruguay,URY,2003,422.1999,,434.14975
Uruguay,URY,2006,426.79904,428.13388,412.51672
Uruguay,URY,2009,426.7238,427.21426,425.81335
Uruguay,URY,2012,409.29156,415.84293,411.3489
Uruguay,URY,2015,417.99188,435.36295,436.57214
Uruguay,URY,2018,417.66162,425.81268,427.1176
Uruguay,URY,2022,408.71207,435.38477,430.3597
Uzbekistan,UZB,2022,363.93536,354.86356,335.5049
Vietnam,VNM,2012,511.3382,528.4233,508.219
Vietnam,VNM,2015,494.5183,524.64453,486.77377
Vietnam,VNM,2022,469.40244,472.38095,461.88797